ID,Song A,Song B,Votes A,Votes B,Total,Margin,Winner,,-hotdogturtle--,Advokaiser,Akkrillic,Arti,azuarc,banshiryuu,barreldragon88,Bluenugget64,cakophon,ChichiriMuyo,Citrus_,Collen,DireKrow,DoctorJimmy133,dowolf,DragonImps,FL81,Flamander,GameBopAdv,handsomeboy2012,Haste_2,HBJDubs,Hbthebattle,Janus5k,JONALEON1,KanzarisKelshen,kaonashi1,KCF0107,Kikoman589,loweffortmemes,Mac Arrowny,MadamEglat,malyg,missadelyn,MoonRunes,Mr Lasastryke,Mythiot,NFUN,PabloSmith,PIayer_0,Place,Plasman,Prody Parrot,pyresword,Pyromide,quantumB,Raetsel_Lapin,rwlh,Sceptilesolar,sergiocornaga,Shonen_Bat,slykirby,Snake5555555555,Snowva,SuperNiceDog,tazzyboyishere,Team Rocket Elite,tennisboy213,th3l3fty,TheArkOfTurus,Toxtricity,trdl23,TsunamiXXVIII,UF8,xarlable,Xiahou Shake,xp1337,xx521xx,ZelRaat,Zigzagoon,Zyxyz0
1,Halo 3 - One Final Effort,Final Fantasy XIV - Ink Long Dry,35,27,62,8,Halo 3 - One Final Effort,,Final Fantasy XIV - Ink Long Dry,,Halo 3 - One Final Effort,Final Fantasy XIV - Ink Long Dry,Halo 3 - One Final Effort,Halo 3 - One Final Effort,,Halo 3 - One Final Effort,Final Fantasy XIV - Ink Long Dry,,Halo 3 - One Final Effort,Final Fantasy XIV - Ink Long Dry,Halo 3 - One Final Effort,Final Fantasy XIV - Ink Long Dry,Halo 3 - One Final Effort,Halo 3 - One Final Effort,Final Fantasy XIV - Ink Long Dry,Final Fantasy XIV - Ink Long Dry,Final Fantasy XIV - Ink Long Dry,Halo 3 - One Final Effort,Halo 3 - One Final Effort,,Halo 3 - One Final Effort,Halo 3 - One Final Effort,Final Fantasy XIV - Ink Long Dry,Halo 3 - One Final Effort,Final Fantasy XIV - Ink Long Dry,Halo 3 - One Final Effort,Final Fantasy XIV - Ink Long Dry,Final Fantasy XIV - Ink Long Dry,Halo 3 - One Final Effort,Halo 3 - One Final Effort,Final Fantasy XIV - Ink Long Dry,Final Fantasy XIV - Ink Long Dry,,Final Fantasy XIV - Ink Long Dry,Halo 3 - One Final Effort,Final Fantasy XIV - Ink Long Dry,Final Fantasy XIV - Ink Long Dry,Halo 3 - One Final Effort,Final Fantasy XIV - Ink Long Dry,Halo 3 - One Final Effort,Halo 3 - One Final Effort,Halo 3 - One Final Effort,Final Fantasy XIV - Ink Long Dry,,Halo 3 - One Final Effort,Halo 3 - One Final Effort,Final Fantasy XIV - Ink Long Dry,Final Fantasy XIV - Ink Long Dry,,Halo 3 - One Final Effort,,Halo 3 - One Final Effort,Halo 3 - One Final Effort,Halo 3 - One Final Effort,Halo 3 - One Final Effort,Halo 3 - One Final Effort,Halo 3 - One Final Effort,Final Fantasy XIV - Ink Long Dry,Final Fantasy XIV - Ink Long Dry,Final Fantasy XIV - Ink Long Dry,Halo 3 - One Final Effort,Final Fantasy XIV - Ink Long Dry,Final Fantasy XIV - Ink Long Dry,,Halo 3 - One Final Effort,Halo 3 - One Final Effort,Final Fantasy XIV - Ink Long Dry,Halo 3 - One Final Effort,Halo 3 - One Final Effort
2,Ciel nosurge - LastPandemic,The Legend of Zelda - Title,38,23,61,15,Ciel nosurge - LastPandemic,,Ciel nosurge - LastPandemic,,The Legend of Zelda - Title,The Legend of Zelda - Title,The Legend of Zelda - Title,Ciel nosurge - LastPandemic,,Ciel nosurge - LastPandemic,Ciel nosurge - LastPandemic,,The Legend of Zelda - Title,The Legend of Zelda - Title,The Legend of Zelda - Title,Ciel nosurge - LastPandemic,Ciel nosurge - LastPandemic,The Legend of Zelda - Title,Ciel nosurge - LastPandemic,Ciel nosurge - LastPandemic,Ciel nosurge - LastPandemic,,Ciel nosurge - LastPandemic,,The Legend of Zelda - Title,Ciel nosurge - LastPandemic,Ciel nosurge - LastPandemic,Ciel nosurge - LastPandemic,Ciel nosurge - LastPandemic,Ciel nosurge - LastPandemic,The Legend of Zelda - Title,Ciel nosurge - LastPandemic,Ciel nosurge - LastPandemic,The Legend of Zelda - Title,Ciel nosurge - LastPandemic,Ciel nosurge - LastPandemic,,Ciel nosurge - LastPandemic,The Legend of Zelda - Title,Ciel nosurge - LastPandemic,The Legend of Zelda - Title,The Legend of Zelda - Title,Ciel nosurge - LastPandemic,Ciel nosurge - LastPandemic,Ciel nosurge - LastPandemic,The Legend of Zelda - Title,Ciel nosurge - LastPandemic,,The Legend of Zelda - Title,The Legend of Zelda - Title,Ciel nosurge - LastPandemic,Ciel nosurge - LastPandemic,,Ciel nosurge - LastPandemic,,Ciel nosurge - LastPandemic,The Legend of Zelda - Title,The Legend of Zelda - Title,Ciel nosurge - LastPandemic,The Legend of Zelda - Title,Ciel nosurge - LastPandemic,Ciel nosurge - LastPandemic,Ciel nosurge - LastPandemic,The Legend of Zelda - Title,Ciel nosurge - LastPandemic,Ciel nosurge - LastPandemic,The Legend of Zelda - Title,,Ciel nosurge - LastPandemic,The Legend of Zelda - Title,Ciel nosurge - LastPandemic,The Legend of Zelda - Title,Ciel nosurge - LastPandemic
3,Fire Emblem: Fates - End of All (Land),Umineko no Naku Koro ni Chiru 8 - Ricordando il Passato,29,30,59,1,Umineko no Naku Koro ni Chiru 8 - Ricordando il Passato,,Umineko no Naku Koro ni Chiru 8 - Ricordando il Passato,,Fire Emblem: Fates - End of All (Land),Umineko no Naku Koro ni Chiru 8 - Ricordando il Passato,,Fire Emblem: Fates - End of All (Land),,Umineko no Naku Koro ni Chiru 8 - Ricordando il Passato,Fire Emblem: Fates - End of All (Land),,Umineko no Naku Koro ni Chiru 8 - Ricordando il Passato,Fire Emblem: Fates - End of All (Land),Umineko no Naku Koro ni Chiru 8 - Ricordando il Passato,Fire Emblem: Fates - End of All (Land),Umineko no Naku Koro ni Chiru 8 - Ricordando il Passato,Fire Emblem: Fates - End of All (Land),Umineko no Naku Koro ni Chiru 8 - Ricordando il Passato,Fire Emblem: Fates - End of All (Land),,Umineko no Naku Koro ni Chiru 8 - Ricordando il Passato,Fire Emblem: Fates - End of All (Land),,Fire Emblem: Fates - End of All (Land),Fire Emblem: Fates - End of All (Land),Fire Emblem: Fates - End of All (Land),Fire Emblem: Fates - End of All (Land),Fire Emblem: Fates - End of All (Land),Umineko no Naku Koro ni Chiru 8 - Ricordando il Passato,Umineko no Naku Koro ni Chiru 8 - Ricordando il Passato,Umineko no Naku Koro ni Chiru 8 - Ricordando il Passato,Fire Emblem: Fates - End of All (Land),Umineko no Naku Koro ni Chiru 8 - Ricordando il Passato,Umineko no Naku Koro ni Chiru 8 - Ricordando il Passato,Umineko no Naku Koro ni Chiru 8 - Ricordando il Passato,,Fire Emblem: Fates - End of All (Land),Umineko no Naku Koro ni Chiru 8 - Ricordando il Passato,Umineko no Naku Koro ni Chiru 8 - Ricordando il Passato,Umineko no Naku Koro ni Chiru 8 - Ricordando il Passato,Umineko no Naku Koro ni Chiru 8 - Ricordando il Passato,Fire Emblem: Fates - End of All (Land),Fire Emblem: Fates - End of All (Land),Umineko no Naku Koro ni Chiru 8 - Ricordando il Passato,Umineko no Naku Koro ni Chiru 8 - Ricordando il Passato,,,Fire Emblem: Fates - End of All (Land),Fire Emblem: Fates - End of All (Land),Umineko no Naku Koro ni Chiru 8 - Ricordando il Passato,Fire Emblem: Fates - End of All (Land),,Fire Emblem: Fates - End of All (Land),,Fire Emblem: Fates - End of All (Land),Umineko no Naku Koro ni Chiru 8 - Ricordando il Passato,Umineko no Naku Koro ni Chiru 8 - Ricordando il Passato,Fire Emblem: Fates - End of All (Land),Fire Emblem: Fates - End of All (Land),Umineko no Naku Koro ni Chiru 8 - Ricordando il Passato,Umineko no Naku Koro ni Chiru 8 - Ricordando il Passato,Fire Emblem: Fates - End of All (Land),Umineko no Naku Koro ni Chiru 8 - Ricordando il Passato,Fire Emblem: Fates - End of All (Land),Umineko no Naku Koro ni Chiru 8 - Ricordando il Passato,Fire Emblem: Fates - End of All (Land),,Umineko no Naku Koro ni Chiru 8 - Ricordando il Passato,Fire Emblem: Fates - End of All (Land),Umineko no Naku Koro ni Chiru 8 - Ricordando il Passato,Umineko no Naku Koro ni Chiru 8 - Ricordando il Passato,Fire Emblem: Fates - End of All (Land)
4,Deltarune - Rude Buster,Sound Voltex II - Brain Power,44,15,59,29,Deltarune - Rude Buster,,Deltarune - Rude Buster,Sound Voltex II - Brain Power,Sound Voltex II - Brain Power,Deltarune - Rude Buster,Sound Voltex II - Brain Power,Deltarune - Rude Buster,,,Deltarune - Rude Buster,,,Deltarune - Rude Buster,Deltarune - Rude Buster,Deltarune - Rude Buster,Deltarune - Rude Buster,Deltarune - Rude Buster,Deltarune - Rude Buster,Deltarune - Rude Buster,Deltarune - Rude Buster,Deltarune - Rude Buster,Deltarune - Rude Buster,Sound Voltex II - Brain Power,Deltarune - Rude Buster,Sound Voltex II - Brain Power,Deltarune - Rude Buster,,Deltarune - Rude Buster,Deltarune - Rude Buster,,Deltarune - Rude Buster,Sound Voltex II - Brain Power,Deltarune - Rude Buster,Deltarune - Rude Buster,Deltarune - Rude Buster,,Deltarune - Rude Buster,,Sound Voltex II - Brain Power,Deltarune - Rude Buster,Sound Voltex II - Brain Power,Deltarune - Rude Buster,Deltarune - Rude Buster,Deltarune - Rude Buster,Deltarune - Rude Buster,Deltarune - Rude Buster,,Deltarune - Rude Buster,Deltarune - Rude Buster,Sound Voltex II - Brain Power,Deltarune - Rude Buster,,Deltarune - Rude Buster,Sound Voltex II - Brain Power,Deltarune - Rude Buster,Deltarune - Rude Buster,Sound Voltex II - Brain Power,,Sound Voltex II - Brain Power,Sound Voltex II - Brain Power,Deltarune - Rude Buster,Deltarune - Rude Buster,Deltarune - Rude Buster,Deltarune - Rude Buster,Deltarune - Rude Buster,Deltarune - Rude Buster,Sound Voltex II - Brain Power,Deltarune - Rude Buster,Deltarune - Rude Buster,Deltarune - Rude Buster,Sound Voltex II - Brain Power,
5,Spectral Gene - Silver Star Crysta Kaleido,Mighty Switch Force! - Love You Love You Love,25,35,60,10,Mighty Switch Force! - Love You Love You Love,,Mighty Switch Force! - Love You Love You Love,Spectral Gene - Silver Star Crysta Kaleido,Mighty Switch Force! - Love You Love You Love,Mighty Switch Force! - Love You Love You Love,Spectral Gene - Silver Star Crysta Kaleido,Mighty Switch Force! - Love You Love You Love,,,Spectral Gene - Silver Star Crysta Kaleido,,,Mighty Switch Force! - Love You Love You Love,Mighty Switch Force! - Love You Love You Love,Mighty Switch Force! - Love You Love You Love,Spectral Gene - Silver Star Crysta Kaleido,Spectral Gene - Silver Star Crysta Kaleido,Spectral Gene - Silver Star Crysta Kaleido,Spectral Gene - Silver Star Crysta Kaleido,Mighty Switch Force! - Love You Love You Love,Mighty Switch Force! - Love You Love You Love,Mighty Switch Force! - Love You Love You Love,Mighty Switch Force! - Love You Love You Love,Mighty Switch Force! - Love You Love You Love,Spectral Gene - Silver Star Crysta Kaleido,Spectral Gene - Silver Star Crysta Kaleido,,Spectral Gene - Silver Star Crysta Kaleido,Mighty Switch Force! - Love You Love You Love,,Mighty Switch Force! - Love You Love You Love,Spectral Gene - Silver Star Crysta Kaleido,Mighty Switch Force! - Love You Love You Love,Mighty Switch Force! - Love You Love You Love,Spectral Gene - Silver Star Crysta Kaleido,,Mighty Switch Force! - Love You Love You Love,,Spectral Gene - Silver Star Crysta Kaleido,Mighty Switch Force! - Love You Love You Love,Mighty Switch Force! - Love You Love You Love,Spectral Gene - Silver Star Crysta Kaleido,Mighty Switch Force! - Love You Love You Love,Mighty Switch Force! - Love You Love You Love,Spectral Gene - Silver Star Crysta Kaleido,Mighty Switch Force! - Love You Love You Love,,Spectral Gene - Silver Star Crysta Kaleido,Spectral Gene - Silver Star Crysta Kaleido,Mighty Switch Force! - Love You Love You Love,Spectral Gene - Silver Star Crysta Kaleido,,Mighty Switch Force! - Love You Love You Love,Spectral Gene - Silver Star Crysta Kaleido,Mighty Switch Force! - Love You Love You Love,Mighty Switch Force! - Love You Love You Love,Mighty Switch Force! - Love You Love You Love,Mighty Switch Force! - Love You Love You Love,Spectral Gene - Silver Star Crysta Kaleido,Mighty Switch Force! - Love You Love You Love,Spectral Gene - Silver Star Crysta Kaleido,Spectral Gene - Silver Star Crysta Kaleido,Mighty Switch Force! - Love You Love You Love,Mighty Switch Force! - Love You Love You Love,Spectral Gene - Silver Star Crysta Kaleido,Mighty Switch Force! - Love You Love You Love,Mighty Switch Force! - Love You Love You Love,Spectral Gene - Silver Star Crysta Kaleido,Mighty Switch Force! - Love You Love You Love,Mighty Switch Force! - Love You Love You Love,Spectral Gene - Silver Star Crysta Kaleido,
6,Atelier Ayesha - Invitation Flower ~ Autumn,Crypt of the Necrodancer - Six Feet Thunder,32,25,57,7,Atelier Ayesha - Invitation Flower ~ Autumn,,Crypt of the Necrodancer - Six Feet Thunder,Atelier Ayesha - Invitation Flower ~ Autumn,Crypt of the Necrodancer - Six Feet Thunder,Atelier Ayesha - Invitation Flower ~ Autumn,Crypt of the Necrodancer - Six Feet Thunder,Crypt of the Necrodancer - Six Feet Thunder,,,Atelier Ayesha - Invitation Flower ~ Autumn,,,Crypt of the Necrodancer - Six Feet Thunder,Atelier Ayesha - Invitation Flower ~ Autumn,Crypt of the Necrodancer - Six Feet Thunder,Atelier Ayesha - Invitation Flower ~ Autumn,Atelier Ayesha - Invitation Flower ~ Autumn,Crypt of the Necrodancer - Six Feet Thunder,Atelier Ayesha - Invitation Flower ~ Autumn,Atelier Ayesha - Invitation Flower ~ Autumn,Crypt of the Necrodancer - Six Feet Thunder,Atelier Ayesha - Invitation Flower ~ Autumn,Crypt of the Necrodancer - Six Feet Thunder,Atelier Ayesha - Invitation Flower ~ Autumn,Crypt of the Necrodancer - Six Feet Thunder,Atelier Ayesha - Invitation Flower ~ Autumn,,Atelier Ayesha - Invitation Flower ~ Autumn,Crypt of the Necrodancer - Six Feet Thunder,,Atelier Ayesha - Invitation Flower ~ Autumn,Crypt of the Necrodancer - Six Feet Thunder,Atelier Ayesha - Invitation Flower ~ Autumn,Crypt of the Necrodancer - Six Feet Thunder,,,Atelier Ayesha - Invitation Flower ~ Autumn,,Atelier Ayesha - Invitation Flower ~ Autumn,Crypt of the Necrodancer - Six Feet Thunder,Atelier Ayesha - Invitation Flower ~ Autumn,,Crypt of the Necrodancer - Six Feet Thunder,Crypt of the Necrodancer - Six Feet Thunder,Crypt of the Necrodancer - Six Feet Thunder,,,Crypt of the Necrodancer - Six Feet Thunder,Atelier Ayesha - Invitation Flower ~ Autumn,Atelier Ayesha - Invitation Flower ~ Autumn,Atelier Ayesha - Invitation Flower ~ Autumn,,Atelier Ayesha - Invitation Flower ~ Autumn,Atelier Ayesha - Invitation Flower ~ Autumn,Atelier Ayesha - Invitation Flower ~ Autumn,Atelier Ayesha - Invitation Flower ~ Autumn,Crypt of the Necrodancer - Six Feet Thunder,Atelier Ayesha - Invitation Flower ~ Autumn,Crypt of the Necrodancer - Six Feet Thunder,Atelier Ayesha - Invitation Flower ~ Autumn,Atelier Ayesha - Invitation Flower ~ Autumn,Atelier Ayesha - Invitation Flower ~ Autumn,Crypt of the Necrodancer - Six Feet Thunder,Atelier Ayesha - Invitation Flower ~ Autumn,Atelier Ayesha - Invitation Flower ~ Autumn,Crypt of the Necrodancer - Six Feet Thunder,Crypt of the Necrodancer - Six Feet Thunder,Crypt of the Necrodancer - Six Feet Thunder,Atelier Ayesha - Invitation Flower ~ Autumn,Atelier Ayesha - Invitation Flower ~ Autumn,Crypt of the Necrodancer - Six Feet Thunder,
7,Fire Emblem: Awakening - Id ~ Purpose,LSD Dream Emulator - Fax Factory,38,18,56,20,Fire Emblem: Awakening - Id ~ Purpose,,LSD Dream Emulator - Fax Factory,,Fire Emblem: Awakening - Id ~ Purpose,Fire Emblem: Awakening - Id ~ Purpose,Fire Emblem: Awakening - Id ~ Purpose,Fire Emblem: Awakening - Id ~ Purpose,Fire Emblem: Awakening - Id ~ Purpose,,Fire Emblem: Awakening - Id ~ Purpose,,,LSD Dream Emulator - Fax Factory,Fire Emblem: Awakening - Id ~ Purpose,Fire Emblem: Awakening - Id ~ Purpose,Fire Emblem: Awakening - Id ~ Purpose,Fire Emblem: Awakening - Id ~ Purpose,Fire Emblem: Awakening - Id ~ Purpose,LSD Dream Emulator - Fax Factory,LSD Dream Emulator - Fax Factory,Fire Emblem: Awakening - Id ~ Purpose,Fire Emblem: Awakening - Id ~ Purpose,Fire Emblem: Awakening - Id ~ Purpose,Fire Emblem: Awakening - Id ~ Purpose,Fire Emblem: Awakening - Id ~ Purpose,Fire Emblem: Awakening - Id ~ Purpose,,Fire Emblem: Awakening - Id ~ Purpose,,,Fire Emblem: Awakening - Id ~ Purpose,Fire Emblem: Awakening - Id ~ Purpose,Fire Emblem: Awakening - Id ~ Purpose,Fire Emblem: Awakening - Id ~ Purpose,LSD Dream Emulator - Fax Factory,LSD Dream Emulator - Fax Factory,Fire Emblem: Awakening - Id ~ Purpose,,LSD Dream Emulator - Fax Factory,LSD Dream Emulator - Fax Factory,Fire Emblem: Awakening - Id ~ Purpose,,Fire Emblem: Awakening - Id ~ Purpose,Fire Emblem: Awakening - Id ~ Purpose,Fire Emblem: Awakening - Id ~ Purpose,LSD Dream Emulator - Fax Factory,,LSD Dream Emulator - Fax Factory,LSD Dream Emulator - Fax Factory,Fire Emblem: Awakening - Id ~ Purpose,Fire Emblem: Awakening - Id ~ Purpose,,Fire Emblem: Awakening - Id ~ Purpose,LSD Dream Emulator - Fax Factory,LSD Dream Emulator - Fax Factory,Fire Emblem: Awakening - Id ~ Purpose,Fire Emblem: Awakening - Id ~ Purpose,Fire Emblem: Awakening - Id ~ Purpose,Fire Emblem: Awakening - Id ~ Purpose,LSD Dream Emulator - Fax Factory,LSD Dream Emulator - Fax Factory,Fire Emblem: Awakening - Id ~ Purpose,Fire Emblem: Awakening - Id ~ Purpose,Fire Emblem: Awakening - Id ~ Purpose,LSD Dream Emulator - Fax Factory,,,Fire Emblem: Awakening - Id ~ Purpose,LSD Dream Emulator - Fax Factory,LSD Dream Emulator - Fax Factory,,
8,jubeat saucer fulfill - Scars of FAUNA,Neotokyo - Imbrium,31,24,55,7,jubeat saucer fulfill - Scars of FAUNA,,jubeat saucer fulfill - Scars of FAUNA,,Neotokyo - Imbrium,jubeat saucer fulfill - Scars of FAUNA,Neotokyo - Imbrium,jubeat saucer fulfill - Scars of FAUNA,,,Neotokyo - Imbrium,,,jubeat saucer fulfill - Scars of FAUNA,jubeat saucer fulfill - Scars of FAUNA,Neotokyo - Imbrium,Neotokyo - Imbrium,Neotokyo - Imbrium,jubeat saucer fulfill - Scars of FAUNA,jubeat saucer fulfill - Scars of FAUNA,jubeat saucer fulfill - Scars of FAUNA,jubeat saucer fulfill - Scars of FAUNA,Neotokyo - Imbrium,jubeat saucer fulfill - Scars of FAUNA,jubeat saucer fulfill - Scars of FAUNA,jubeat saucer fulfill - Scars of FAUNA,Neotokyo - Imbrium,,Neotokyo - Imbrium,,,jubeat saucer fulfill - Scars of FAUNA,jubeat saucer fulfill - Scars of FAUNA,Neotokyo - Imbrium,jubeat saucer fulfill - Scars of FAUNA,jubeat saucer fulfill - Scars of FAUNA,Neotokyo - Imbrium,jubeat saucer fulfill - Scars of FAUNA,,Neotokyo - Imbrium,Neotokyo - Imbrium,jubeat saucer fulfill - Scars of FAUNA,,jubeat saucer fulfill - Scars of FAUNA,jubeat saucer fulfill - Scars of FAUNA,jubeat saucer fulfill - Scars of FAUNA,jubeat saucer fulfill - Scars of FAUNA,,jubeat saucer fulfill - Scars of FAUNA,Neotokyo - Imbrium,Neotokyo - Imbrium,Neotokyo - Imbrium,,jubeat saucer fulfill - Scars of FAUNA,Neotokyo - Imbrium,Neotokyo - Imbrium,Neotokyo - Imbrium,jubeat saucer fulfill - Scars of FAUNA,jubeat saucer fulfill - Scars of FAUNA,jubeat saucer fulfill - Scars of FAUNA,Neotokyo - Imbrium,jubeat saucer fulfill - Scars of FAUNA,Neotokyo - Imbrium,jubeat saucer fulfill - Scars of FAUNA,jubeat saucer fulfill - Scars of FAUNA,Neotokyo - Imbrium,,,Neotokyo - Imbrium,jubeat saucer fulfill - Scars of FAUNA,Neotokyo - Imbrium,,
9,Drakengard 3 - Kuroi Ita ~ The Black Song (International Version),Persona 3 - Memories of You,26,27,53,1,Persona 3 - Memories of You,,Persona 3 - Memories of You,,Persona 3 - Memories of You,Persona 3 - Memories of You,Drakengard 3 - Kuroi Ita ~ The Black Song (International Version),Persona 3 - Memories of You,Persona 3 - Memories of You,,Drakengard 3 - Kuroi Ita ~ The Black Song (International Version),,,Persona 3 - Memories of You,Persona 3 - Memories of You,Persona 3 - Memories of You,Drakengard 3 - Kuroi Ita ~ The Black Song (International Version),Drakengard 3 - Kuroi Ita ~ The Black Song (International Version),Drakengard 3 - Kuroi Ita ~ The Black Song (International Version),Persona 3 - Memories of You,,Persona 3 - Memories of You,Drakengard 3 - Kuroi Ita ~ The Black Song (International Version),Persona 3 - Memories of You,Persona 3 - Memories of You,Drakengard 3 - Kuroi Ita ~ The Black Song (International Version),Drakengard 3 - Kuroi Ita ~ The Black Song (International Version),,Drakengard 3 - Kuroi Ita ~ The Black Song (International Version),,,Persona 3 - Memories of You,Persona 3 - Memories of You,Persona 3 - Memories of You,Persona 3 - Memories of You,,Persona 3 - Memories of You,Persona 3 - Memories of You,,Drakengard 3 - Kuroi Ita ~ The Black Song (International Version),Persona 3 - Memories of You,Drakengard 3 - Kuroi Ita ~ The Black Song (International Version),,Persona 3 - Memories of You,Drakengard 3 - Kuroi Ita ~ The Black Song (International Version),Persona 3 - Memories of You,,,Persona 3 - Memories of You,Drakengard 3 - Kuroi Ita ~ The Black Song (International Version),Drakengard 3 - Kuroi Ita ~ The Black Song (International Version),Drakengard 3 - Kuroi Ita ~ The Black Song (International Version),,Persona 3 - Memories of You,Drakengard 3 - Kuroi Ita ~ The Black Song (International Version),Drakengard 3 - Kuroi Ita ~ The Black Song (International Version),Persona 3 - Memories of You,Drakengard 3 - Kuroi Ita ~ The Black Song (International Version),Persona 3 - Memories of You,Drakengard 3 - Kuroi Ita ~ The Black Song (International Version),Drakengard 3 - Kuroi Ita ~ The Black Song (International Version),Drakengard 3 - Kuroi Ita ~ The Black Song (International Version),Drakengard 3 - Kuroi Ita ~ The Black Song (International Version),Drakengard 3 - Kuroi Ita ~ The Black Song (International Version),Drakengard 3 - Kuroi Ita ~ The Black Song (International Version),Drakengard 3 - Kuroi Ita ~ The Black Song (International Version),,,Drakengard 3 - Kuroi Ita ~ The Black Song (International Version),Persona 3 - Memories of You,Persona 3 - Memories of You,,
10,Terraria Calamity - Scourge of the Universe,Kirby's Return to Dream Land - Waterworks Area,44,14,58,30,Terraria Calamity - Scourge of the Universe,,Terraria Calamity - Scourge of the Universe,,Terraria Calamity - Scourge of the Universe,Terraria Calamity - Scourge of the Universe,Terraria Calamity - Scourge of the Universe,Kirby's Return to Dream Land - Waterworks Area,,,Kirby's Return to Dream Land - Waterworks Area,,,Kirby's Return to Dream Land - Waterworks Area,Terraria Calamity - Scourge of the Universe,Kirby's Return to Dream Land - Waterworks Area,Terraria Calamity - Scourge of the Universe,Kirby's Return to Dream Land - Waterworks Area,Terraria Calamity - Scourge of the Universe,Terraria Calamity - Scourge of the Universe,Kirby's Return to Dream Land - Waterworks Area,Terraria Calamity - Scourge of the Universe,Terraria Calamity - Scourge of the Universe,Terraria Calamity - Scourge of the Universe,Terraria Calamity - Scourge of the Universe,Terraria Calamity - Scourge of the Universe,Terraria Calamity - Scourge of the Universe,,Terraria Calamity - Scourge of the Universe,Kirby's Return to Dream Land - Waterworks Area,Terraria Calamity - Scourge of the Universe,Terraria Calamity - Scourge of the Universe,Terraria Calamity - Scourge of the Universe,Terraria Calamity - Scourge of the Universe,Terraria Calamity - Scourge of the Universe,Kirby's Return to Dream Land - Waterworks Area,Kirby's Return to Dream Land - Waterworks Area,Kirby's Return to Dream Land - Waterworks Area,,Terraria Calamity - Scourge of the Universe,Kirby's Return to Dream Land - Waterworks Area,Terraria Calamity - Scourge of the Universe,,Terraria Calamity - Scourge of the Universe,Terraria Calamity - Scourge of the Universe,Terraria Calamity - Scourge of the Universe,Terraria Calamity - Scourge of the Universe,,Kirby's Return to Dream Land - Waterworks Area,Terraria Calamity - Scourge of the Universe,Terraria Calamity - Scourge of the Universe,Terraria Calamity - Scourge of the Universe,,Kirby's Return to Dream Land - Waterworks Area,Terraria Calamity - Scourge of the Universe,Terraria Calamity - Scourge of the Universe,Terraria Calamity - Scourge of the Universe,Terraria Calamity - Scourge of the Universe,Terraria Calamity - Scourge of the Universe,Terraria Calamity - Scourge of the Universe,Terraria Calamity - Scourge of the Universe,Terraria Calamity - Scourge of the Universe,Terraria Calamity - Scourge of the Universe,Terraria Calamity - Scourge of the Universe,Terraria Calamity - Scourge of the Universe,Kirby's Return to Dream Land - Waterworks Area,Terraria Calamity - Scourge of the Universe,,Terraria Calamity - Scourge of the Universe,Terraria Calamity - Scourge of the Universe,Terraria Calamity - Scourge of the Universe,,
11,Gahkthun of the Golden Lightning - Tonitrus,CROSSNIQ+ - SEISMIQ,36,22,58,14,Gahkthun of the Golden Lightning - Tonitrus,,CROSSNIQ+ - SEISMIQ,,CROSSNIQ+ - SEISMIQ,Gahkthun of the Golden Lightning - Tonitrus,Gahkthun of the Golden Lightning - Tonitrus,Gahkthun of the Golden Lightning - Tonitrus,,,CROSSNIQ+ - SEISMIQ,,,CROSSNIQ+ - SEISMIQ,Gahkthun of the Golden Lightning - Tonitrus,CROSSNIQ+ - SEISMIQ,Gahkthun of the Golden Lightning - Tonitrus,Gahkthun of the Golden Lightning - Tonitrus,Gahkthun of the Golden Lightning - Tonitrus,CROSSNIQ+ - SEISMIQ,CROSSNIQ+ - SEISMIQ,Gahkthun of the Golden Lightning - Tonitrus,Gahkthun of the Golden Lightning - Tonitrus,CROSSNIQ+ - SEISMIQ,Gahkthun of the Golden Lightning - Tonitrus,Gahkthun of the Golden Lightning - Tonitrus,Gahkthun of the Golden Lightning - Tonitrus,,CROSSNIQ+ - SEISMIQ,CROSSNIQ+ - SEISMIQ,Gahkthun of the Golden Lightning - Tonitrus,Gahkthun of the Golden Lightning - Tonitrus,Gahkthun of the Golden Lightning - Tonitrus,Gahkthun of the Golden Lightning - Tonitrus,Gahkthun of the Golden Lightning - Tonitrus,CROSSNIQ+ - SEISMIQ,CROSSNIQ+ - SEISMIQ,CROSSNIQ+ - SEISMIQ,,CROSSNIQ+ - SEISMIQ,CROSSNIQ+ - SEISMIQ,Gahkthun of the Golden Lightning - Tonitrus,,Gahkthun of the Golden Lightning - Tonitrus,Gahkthun of the Golden Lightning - Tonitrus,Gahkthun of the Golden Lightning - Tonitrus,Gahkthun of the Golden Lightning - Tonitrus,,Gahkthun of the Golden Lightning - Tonitrus,Gahkthun of the Golden Lightning - Tonitrus,Gahkthun of the Golden Lightning - Tonitrus,CROSSNIQ+ - SEISMIQ,,CROSSNIQ+ - SEISMIQ,CROSSNIQ+ - SEISMIQ,Gahkthun of the Golden Lightning - Tonitrus,Gahkthun of the Golden Lightning - Tonitrus,CROSSNIQ+ - SEISMIQ,Gahkthun of the Golden Lightning - Tonitrus,Gahkthun of the Golden Lightning - Tonitrus,Gahkthun of the Golden Lightning - Tonitrus,Gahkthun of the Golden Lightning - Tonitrus,CROSSNIQ+ - SEISMIQ,Gahkthun of the Golden Lightning - Tonitrus,Gahkthun of the Golden Lightning - Tonitrus,CROSSNIQ+ - SEISMIQ,CROSSNIQ+ - SEISMIQ,,Gahkthun of the Golden Lightning - Tonitrus,Gahkthun of the Golden Lightning - Tonitrus,Gahkthun of the Golden Lightning - Tonitrus,,
12,"Atelier Shallie - Flying Clouds, Drifting Haze",Demon Truck - Dead Neon Hell City,30,26,56,4,"Atelier Shallie - Flying Clouds, Drifting Haze",,Demon Truck - Dead Neon Hell City,,"Atelier Shallie - Flying Clouds, Drifting Haze","Atelier Shallie - Flying Clouds, Drifting Haze","Atelier Shallie - Flying Clouds, Drifting Haze",Demon Truck - Dead Neon Hell City,,,"Atelier Shallie - Flying Clouds, Drifting Haze",,,Demon Truck - Dead Neon Hell City,"Atelier Shallie - Flying Clouds, Drifting Haze",Demon Truck - Dead Neon Hell City,"Atelier Shallie - Flying Clouds, Drifting Haze",Demon Truck - Dead Neon Hell City,Demon Truck - Dead Neon Hell City,Demon Truck - Dead Neon Hell City,Demon Truck - Dead Neon Hell City,Demon Truck - Dead Neon Hell City,"Atelier Shallie - Flying Clouds, Drifting Haze",Demon Truck - Dead Neon Hell City,Demon Truck - Dead Neon Hell City,"Atelier Shallie - Flying Clouds, Drifting Haze",Demon Truck - Dead Neon Hell City,,"Atelier Shallie - Flying Clouds, Drifting Haze","Atelier Shallie - Flying Clouds, Drifting Haze",,"Atelier Shallie - Flying Clouds, Drifting Haze",Demon Truck - Dead Neon Hell City,"Atelier Shallie - Flying Clouds, Drifting Haze",Demon Truck - Dead Neon Hell City,,Demon Truck - Dead Neon Hell City,"Atelier Shallie - Flying Clouds, Drifting Haze",,"Atelier Shallie - Flying Clouds, Drifting Haze",Demon Truck - Dead Neon Hell City,"Atelier Shallie - Flying Clouds, Drifting Haze",,"Atelier Shallie - Flying Clouds, Drifting Haze","Atelier Shallie - Flying Clouds, Drifting Haze","Atelier Shallie - Flying Clouds, Drifting Haze",Demon Truck - Dead Neon Hell City,,"Atelier Shallie - Flying Clouds, Drifting Haze",Demon Truck - Dead Neon Hell City,"Atelier Shallie - Flying Clouds, Drifting Haze","Atelier Shallie - Flying Clouds, Drifting Haze",,"Atelier Shallie - Flying Clouds, Drifting Haze","Atelier Shallie - Flying Clouds, Drifting Haze",Demon Truck - Dead Neon Hell City,"Atelier Shallie - Flying Clouds, Drifting Haze",Demon Truck - Dead Neon Hell City,"Atelier Shallie - Flying Clouds, Drifting Haze",Demon Truck - Dead Neon Hell City,Demon Truck - Dead Neon Hell City,Demon Truck - Dead Neon Hell City,"Atelier Shallie - Flying Clouds, Drifting Haze","Atelier Shallie - Flying Clouds, Drifting Haze",Demon Truck - Dead Neon Hell City,Demon Truck - Dead Neon Hell City,Demon Truck - Dead Neon Hell City,,"Atelier Shallie - Flying Clouds, Drifting Haze","Atelier Shallie - Flying Clouds, Drifting Haze","Atelier Shallie - Flying Clouds, Drifting Haze",,
13,Raiden V - Apostle's Maraud,Xenoblade Chronicles X - Don't Worry,35,26,61,9,Raiden V - Apostle's Maraud,,Raiden V - Apostle's Maraud,Raiden V - Apostle's Maraud,Raiden V - Apostle's Maraud,Xenoblade Chronicles X - Don't Worry,Xenoblade Chronicles X - Don't Worry,Raiden V - Apostle's Maraud,,Raiden V - Apostle's Maraud,Raiden V - Apostle's Maraud,,,Raiden V - Apostle's Maraud,Raiden V - Apostle's Maraud,Xenoblade Chronicles X - Don't Worry,Raiden V - Apostle's Maraud,Raiden V - Apostle's Maraud,Raiden V - Apostle's Maraud,Xenoblade Chronicles X - Don't Worry,Raiden V - Apostle's Maraud,Raiden V - Apostle's Maraud,Raiden V - Apostle's Maraud,Raiden V - Apostle's Maraud,Xenoblade Chronicles X - Don't Worry,Raiden V - Apostle's Maraud,Raiden V - Apostle's Maraud,Xenoblade Chronicles X - Don't Worry,Raiden V - Apostle's Maraud,Xenoblade Chronicles X - Don't Worry,Xenoblade Chronicles X - Don't Worry,Xenoblade Chronicles X - Don't Worry,Xenoblade Chronicles X - Don't Worry,Raiden V - Apostle's Maraud,Xenoblade Chronicles X - Don't Worry,,Raiden V - Apostle's Maraud,Raiden V - Apostle's Maraud,,Raiden V - Apostle's Maraud,Xenoblade Chronicles X - Don't Worry,Xenoblade Chronicles X - Don't Worry,Raiden V - Apostle's Maraud,Xenoblade Chronicles X - Don't Worry,Raiden V - Apostle's Maraud,Raiden V - Apostle's Maraud,Xenoblade Chronicles X - Don't Worry,,Xenoblade Chronicles X - Don't Worry,Xenoblade Chronicles X - Don't Worry,Xenoblade Chronicles X - Don't Worry,Raiden V - Apostle's Maraud,Raiden V - Apostle's Maraud,Xenoblade Chronicles X - Don't Worry,Raiden V - Apostle's Maraud,Xenoblade Chronicles X - Don't Worry,Xenoblade Chronicles X - Don't Worry,,Xenoblade Chronicles X - Don't Worry,Raiden V - Apostle's Maraud,Xenoblade Chronicles X - Don't Worry,Raiden V - Apostle's Maraud,Raiden V - Apostle's Maraud,,Raiden V - Apostle's Maraud,Raiden V - Apostle's Maraud,Raiden V - Apostle's Maraud,,Xenoblade Chronicles X - Don't Worry,Raiden V - Apostle's Maraud,Xenoblade Chronicles X - Don't Worry,Xenoblade Chronicles X - Don't Worry,
14,Pokemon Black 2/White 2 - Battle! (Colress),Flywrench - King Noah,42,20,62,22,Pokemon Black 2/White 2 - Battle! (Colress),,Pokemon Black 2/White 2 - Battle! (Colress),Pokemon Black 2/White 2 - Battle! (Colress),Pokemon Black 2/White 2 - Battle! (Colress),Pokemon Black 2/White 2 - Battle! (Colress),Flywrench - King Noah,Pokemon Black 2/White 2 - Battle! (Colress),,Pokemon Black 2/White 2 - Battle! (Colress),Pokemon Black 2/White 2 - Battle! (Colress),,,Pokemon Black 2/White 2 - Battle! (Colress),Flywrench - King Noah,Flywrench - King Noah,Flywrench - King Noah,Pokemon Black 2/White 2 - Battle! (Colress),Pokemon Black 2/White 2 - Battle! (Colress),Pokemon Black 2/White 2 - Battle! (Colress),Flywrench - King Noah,Pokemon Black 2/White 2 - Battle! (Colress),Pokemon Black 2/White 2 - Battle! (Colress),Pokemon Black 2/White 2 - Battle! (Colress),Pokemon Black 2/White 2 - Battle! (Colress),Flywrench - King Noah,Flywrench - King Noah,Flywrench - King Noah,Pokemon Black 2/White 2 - Battle! (Colress),Flywrench - King Noah,Pokemon Black 2/White 2 - Battle! (Colress),Flywrench - King Noah,Flywrench - King Noah,Pokemon Black 2/White 2 - Battle! (Colress),Pokemon Black 2/White 2 - Battle! (Colress),,Flywrench - King Noah,Pokemon Black 2/White 2 - Battle! (Colress),,Pokemon Black 2/White 2 - Battle! (Colress),Pokemon Black 2/White 2 - Battle! (Colress),Flywrench - King Noah,Pokemon Black 2/White 2 - Battle! (Colress),Pokemon Black 2/White 2 - Battle! (Colress),Pokemon Black 2/White 2 - Battle! (Colress),Pokemon Black 2/White 2 - Battle! (Colress),Pokemon Black 2/White 2 - Battle! (Colress),,Flywrench - King Noah,Flywrench - King Noah,Pokemon Black 2/White 2 - Battle! (Colress),Flywrench - King Noah,Pokemon Black 2/White 2 - Battle! (Colress),Pokemon Black 2/White 2 - Battle! (Colress),Pokemon Black 2/White 2 - Battle! (Colress),Pokemon Black 2/White 2 - Battle! (Colress),Pokemon Black 2/White 2 - Battle! (Colress),Flywrench - King Noah,Pokemon Black 2/White 2 - Battle! (Colress),Pokemon Black 2/White 2 - Battle! (Colress),Flywrench - King Noah,Pokemon Black 2/White 2 - Battle! (Colress),Pokemon Black 2/White 2 - Battle! (Colress),,Pokemon Black 2/White 2 - Battle! (Colress),Pokemon Black 2/White 2 - Battle! (Colress),Pokemon Black 2/White 2 - Battle! (Colress),,Flywrench - King Noah,Pokemon Black 2/White 2 - Battle! (Colress),Flywrench - King Noah,Pokemon Black 2/White 2 - Battle! (Colress),
15,Sound Voltex III - Preserved Valkyria,Tales of Symphonia - Starry Heavens,37,22,59,15,Sound Voltex III - Preserved Valkyria,,Sound Voltex III - Preserved Valkyria,Tales of Symphonia - Starry Heavens,Tales of Symphonia - Starry Heavens,Tales of Symphonia - Starry Heavens,Tales of Symphonia - Starry Heavens,Sound Voltex III - Preserved Valkyria,,Sound Voltex III - Preserved Valkyria,Sound Voltex III - Preserved Valkyria,,,Sound Voltex III - Preserved Valkyria,Sound Voltex III - Preserved Valkyria,Sound Voltex III - Preserved Valkyria,Sound Voltex III - Preserved Valkyria,Tales of Symphonia - Starry Heavens,Tales of Symphonia - Starry Heavens,Tales of Symphonia - Starry Heavens,Sound Voltex III - Preserved Valkyria,Sound Voltex III - Preserved Valkyria,Sound Voltex III - Preserved Valkyria,Sound Voltex III - Preserved Valkyria,Tales of Symphonia - Starry Heavens,Sound Voltex III - Preserved Valkyria,Sound Voltex III - Preserved Valkyria,Tales of Symphonia - Starry Heavens,Sound Voltex III - Preserved Valkyria,Sound Voltex III - Preserved Valkyria,,Sound Voltex III - Preserved Valkyria,Sound Voltex III - Preserved Valkyria,,Sound Voltex III - Preserved Valkyria,,Sound Voltex III - Preserved Valkyria,Sound Voltex III - Preserved Valkyria,,Sound Voltex III - Preserved Valkyria,Tales of Symphonia - Starry Heavens,Sound Voltex III - Preserved Valkyria,Sound Voltex III - Preserved Valkyria,Sound Voltex III - Preserved Valkyria,Sound Voltex III - Preserved Valkyria,Sound Voltex III - Preserved Valkyria,Tales of Symphonia - Starry Heavens,,Sound Voltex III - Preserved Valkyria,Tales of Symphonia - Starry Heavens,Sound Voltex III - Preserved Valkyria,Sound Voltex III - Preserved Valkyria,Tales of Symphonia - Starry Heavens,Tales of Symphonia - Starry Heavens,Sound Voltex III - Preserved Valkyria,,Sound Voltex III - Preserved Valkyria,Tales of Symphonia - Starry Heavens,Tales of Symphonia - Starry Heavens,Tales of Symphonia - Starry Heavens,Sound Voltex III - Preserved Valkyria,Sound Voltex III - Preserved Valkyria,Sound Voltex III - Preserved Valkyria,,Sound Voltex III - Preserved Valkyria,Tales of Symphonia - Starry Heavens,Sound Voltex III - Preserved Valkyria,,Tales of Symphonia - Starry Heavens,Tales of Symphonia - Starry Heavens,Tales of Symphonia - Starry Heavens,Tales of Symphonia - Starry Heavens,
16,Blue Reflection - TIGAR (All Phase Mix),Mouryou Senki Madara - MA・DA・RA,42,17,59,25,Blue Reflection - TIGAR (All Phase Mix),,Blue Reflection - TIGAR (All Phase Mix),Blue Reflection - TIGAR (All Phase Mix),Blue Reflection - TIGAR (All Phase Mix),Mouryou Senki Madara - MA・DA・RA,Blue Reflection - TIGAR (All Phase Mix),Mouryou Senki Madara - MA・DA・RA,,Blue Reflection - TIGAR (All Phase Mix),Blue Reflection - TIGAR (All Phase Mix),,,Blue Reflection - TIGAR (All Phase Mix),Blue Reflection - TIGAR (All Phase Mix),Blue Reflection - TIGAR (All Phase Mix),Blue Reflection - TIGAR (All Phase Mix),Blue Reflection - TIGAR (All Phase Mix),Mouryou Senki Madara - MA・DA・RA,Mouryou Senki Madara - MA・DA・RA,Blue Reflection - TIGAR (All Phase Mix),Blue Reflection - TIGAR (All Phase Mix),Blue Reflection - TIGAR (All Phase Mix),Mouryou Senki Madara - MA・DA・RA,Mouryou Senki Madara - MA・DA・RA,Blue Reflection - TIGAR (All Phase Mix),Blue Reflection - TIGAR (All Phase Mix),Blue Reflection - TIGAR (All Phase Mix),Blue Reflection - TIGAR (All Phase Mix),Blue Reflection - TIGAR (All Phase Mix),,Blue Reflection - TIGAR (All Phase Mix),Blue Reflection - TIGAR (All Phase Mix),Blue Reflection - TIGAR (All Phase Mix),Blue Reflection - TIGAR (All Phase Mix),,Mouryou Senki Madara - MA・DA・RA,Blue Reflection - TIGAR (All Phase Mix),,Mouryou Senki Madara - MA・DA・RA,Mouryou Senki Madara - MA・DA・RA,Blue Reflection - TIGAR (All Phase Mix),,Blue Reflection - TIGAR (All Phase Mix),Blue Reflection - TIGAR (All Phase Mix),Mouryou Senki Madara - MA・DA・RA,Blue Reflection - TIGAR (All Phase Mix),Blue Reflection - TIGAR (All Phase Mix),Blue Reflection - TIGAR (All Phase Mix),Mouryou Senki Madara - MA・DA・RA,Blue Reflection - TIGAR (All Phase Mix),Mouryou Senki Madara - MA・DA・RA,,Blue Reflection - TIGAR (All Phase Mix),,Blue Reflection - TIGAR (All Phase Mix),Blue Reflection - TIGAR (All Phase Mix),Mouryou Senki Madara - MA・DA・RA,Blue Reflection - TIGAR (All Phase Mix),Mouryou Senki Madara - MA・DA・RA,Blue Reflection - TIGAR (All Phase Mix),Blue Reflection - TIGAR (All Phase Mix),Blue Reflection - TIGAR (All Phase Mix),Blue Reflection - TIGAR (All Phase Mix),Mouryou Senki Madara - MA・DA・RA,Blue Reflection - TIGAR (All Phase Mix),Mouryou Senki Madara - MA・DA・RA,,Blue Reflection - TIGAR (All Phase Mix),Mouryou Senki Madara - MA・DA・RA,Blue Reflection - TIGAR (All Phase Mix),,
17,Final Fantasy XIV - Return to Oblivion,Dariusburst - The world of spirit,28,32,60,4,Dariusburst - The world of spirit,,Final Fantasy XIV - Return to Oblivion,Dariusburst - The world of spirit,Dariusburst - The world of spirit,Final Fantasy XIV - Return to Oblivion,Dariusburst - The world of spirit,Dariusburst - The world of spirit,,Final Fantasy XIV - Return to Oblivion,Dariusburst - The world of spirit,,,Final Fantasy XIV - Return to Oblivion,Dariusburst - The world of spirit,Final Fantasy XIV - Return to Oblivion,Final Fantasy XIV - Return to Oblivion,Dariusburst - The world of spirit,Dariusburst - The world of spirit,Dariusburst - The world of spirit,Dariusburst - The world of spirit,Dariusburst - The world of spirit,Dariusburst - The world of spirit,Final Fantasy XIV - Return to Oblivion,Dariusburst - The world of spirit,Final Fantasy XIV - Return to Oblivion,Dariusburst - The world of spirit,Final Fantasy XIV - Return to Oblivion,Final Fantasy XIV - Return to Oblivion,Dariusburst - The world of spirit,,Final Fantasy XIV - Return to Oblivion,Final Fantasy XIV - Return to Oblivion,Dariusburst - The world of spirit,Dariusburst - The world of spirit,,Dariusburst - The world of spirit,Dariusburst - The world of spirit,,Dariusburst - The world of spirit,Final Fantasy XIV - Return to Oblivion,Dariusburst - The world of spirit,Final Fantasy XIV - Return to Oblivion,Dariusburst - The world of spirit,Dariusburst - The world of spirit,Final Fantasy XIV - Return to Oblivion,Final Fantasy XIV - Return to Oblivion,Dariusburst - The world of spirit,Final Fantasy XIV - Return to Oblivion,Dariusburst - The world of spirit,Final Fantasy XIV - Return to Oblivion,Dariusburst - The world of spirit,,Dariusburst - The world of spirit,,Final Fantasy XIV - Return to Oblivion,Final Fantasy XIV - Return to Oblivion,Final Fantasy XIV - Return to Oblivion,Final Fantasy XIV - Return to Oblivion,Final Fantasy XIV - Return to Oblivion,Final Fantasy XIV - Return to Oblivion,Final Fantasy XIV - Return to Oblivion,Dariusburst - The world of spirit,Final Fantasy XIV - Return to Oblivion,Dariusburst - The world of spirit,Dariusburst - The world of spirit,Dariusburst - The world of spirit,,Dariusburst - The world of spirit,Final Fantasy XIV - Return to Oblivion,Final Fantasy XIV - Return to Oblivion,,
18,Umineko no Naku Koro ni 1 - system0,Undertale - ASGORE,27,31,58,4,Undertale - ASGORE,,Undertale - ASGORE,Undertale - ASGORE,Undertale - ASGORE,Umineko no Naku Koro ni 1 - system0,Umineko no Naku Koro ni 1 - system0,Undertale - ASGORE,,Umineko no Naku Koro ni 1 - system0,Umineko no Naku Koro ni 1 - system0,,,Undertale - ASGORE,Undertale - ASGORE,,Umineko no Naku Koro ni 1 - system0,Undertale - ASGORE,Umineko no Naku Koro ni 1 - system0,Umineko no Naku Koro ni 1 - system0,Undertale - ASGORE,Umineko no Naku Koro ni 1 - system0,Umineko no Naku Koro ni 1 - system0,Umineko no Naku Koro ni 1 - system0,Undertale - ASGORE,Undertale - ASGORE,Undertale - ASGORE,Undertale - ASGORE,Undertale - ASGORE,Undertale - ASGORE,,Umineko no Naku Koro ni 1 - system0,Umineko no Naku Koro ni 1 - system0,Undertale - ASGORE,Umineko no Naku Koro ni 1 - system0,,Umineko no Naku Koro ni 1 - system0,Undertale - ASGORE,,Umineko no Naku Koro ni 1 - system0,Umineko no Naku Koro ni 1 - system0,Umineko no Naku Koro ni 1 - system0,Undertale - ASGORE,Undertale - ASGORE,Undertale - ASGORE,Umineko no Naku Koro ni 1 - system0,Undertale - ASGORE,Undertale - ASGORE,Umineko no Naku Koro ni 1 - system0,Umineko no Naku Koro ni 1 - system0,Umineko no Naku Koro ni 1 - system0,Undertale - ASGORE,,Undertale - ASGORE,,Undertale - ASGORE,Undertale - ASGORE,Undertale - ASGORE,,Undertale - ASGORE,Umineko no Naku Koro ni 1 - system0,Undertale - ASGORE,Umineko no Naku Koro ni 1 - system0,Undertale - ASGORE,Undertale - ASGORE,Umineko no Naku Koro ni 1 - system0,Umineko no Naku Koro ni 1 - system0,,Umineko no Naku Koro ni 1 - system0,Undertale - ASGORE,Umineko no Naku Koro ni 1 - system0,,
19,Ar tonelico III - EXEC_Z/.,Hello Penguin 2 HD - FLIGHTLESS,30,25,55,5,Ar tonelico III - EXEC_Z/.,,Hello Penguin 2 HD - FLIGHTLESS,Ar tonelico III - EXEC_Z/.,Hello Penguin 2 HD - FLIGHTLESS,Ar tonelico III - EXEC_Z/.,Ar tonelico III - EXEC_Z/.,Ar tonelico III - EXEC_Z/.,,Ar tonelico III - EXEC_Z/.,Hello Penguin 2 HD - FLIGHTLESS,Ar tonelico III - EXEC_Z/.,,Hello Penguin 2 HD - FLIGHTLESS,Ar tonelico III - EXEC_Z/.,Ar tonelico III - EXEC_Z/.,Hello Penguin 2 HD - FLIGHTLESS,Hello Penguin 2 HD - FLIGHTLESS,Hello Penguin 2 HD - FLIGHTLESS,Ar tonelico III - EXEC_Z/.,Hello Penguin 2 HD - FLIGHTLESS,Ar tonelico III - EXEC_Z/.,Ar tonelico III - EXEC_Z/.,Hello Penguin 2 HD - FLIGHTLESS,Hello Penguin 2 HD - FLIGHTLESS,Ar tonelico III - EXEC_Z/.,Ar tonelico III - EXEC_Z/.,,Ar tonelico III - EXEC_Z/.,Hello Penguin 2 HD - FLIGHTLESS,,Ar tonelico III - EXEC_Z/.,Ar tonelico III - EXEC_Z/.,Hello Penguin 2 HD - FLIGHTLESS,Hello Penguin 2 HD - FLIGHTLESS,,,Ar tonelico III - EXEC_Z/.,,Hello Penguin 2 HD - FLIGHTLESS,Hello Penguin 2 HD - FLIGHTLESS,Ar tonelico III - EXEC_Z/.,Hello Penguin 2 HD - FLIGHTLESS,Ar tonelico III - EXEC_Z/.,,Hello Penguin 2 HD - FLIGHTLESS,Hello Penguin 2 HD - FLIGHTLESS,Hello Penguin 2 HD - FLIGHTLESS,Ar tonelico III - EXEC_Z/.,Ar tonelico III - EXEC_Z/.,Ar tonelico III - EXEC_Z/.,Ar tonelico III - EXEC_Z/.,,Ar tonelico III - EXEC_Z/.,,,Ar tonelico III - EXEC_Z/.,Hello Penguin 2 HD - FLIGHTLESS,Ar tonelico III - EXEC_Z/.,Hello Penguin 2 HD - FLIGHTLESS,Hello Penguin 2 HD - FLIGHTLESS,Hello Penguin 2 HD - FLIGHTLESS,Ar tonelico III - EXEC_Z/.,,Hello Penguin 2 HD - FLIGHTLESS,,Hello Penguin 2 HD - FLIGHTLESS,,Ar tonelico III - EXEC_Z/.,Ar tonelico III - EXEC_Z/.,Ar tonelico III - EXEC_Z/.,,
20,Phantasy Star Online 2 - GUERRANT-OFENZA-SUPRONT-UNNE,Mario & Luigi: Dream Team - Dreamy Somnom Labyrinth,29,26,55,3,Phantasy Star Online 2 - GUERRANT-OFENZA-SUPRONT-UNNE,,Phantasy Star Online 2 - GUERRANT-OFENZA-SUPRONT-UNNE,Mario & Luigi: Dream Team - Dreamy Somnom Labyrinth,Mario & Luigi: Dream Team - Dreamy Somnom Labyrinth,Mario & Luigi: Dream Team - Dreamy Somnom Labyrinth,Mario & Luigi: Dream Team - Dreamy Somnom Labyrinth,Phantasy Star Online 2 - GUERRANT-OFENZA-SUPRONT-UNNE,,Phantasy Star Online 2 - GUERRANT-OFENZA-SUPRONT-UNNE,Phantasy Star Online 2 - GUERRANT-OFENZA-SUPRONT-UNNE,Mario & Luigi: Dream Team - Dreamy Somnom Labyrinth,,Mario & Luigi: Dream Team - Dreamy Somnom Labyrinth,Phantasy Star Online 2 - GUERRANT-OFENZA-SUPRONT-UNNE,Phantasy Star Online 2 - GUERRANT-OFENZA-SUPRONT-UNNE,Mario & Luigi: Dream Team - Dreamy Somnom Labyrinth,Mario & Luigi: Dream Team - Dreamy Somnom Labyrinth,Phantasy Star Online 2 - GUERRANT-OFENZA-SUPRONT-UNNE,Phantasy Star Online 2 - GUERRANT-OFENZA-SUPRONT-UNNE,Mario & Luigi: Dream Team - Dreamy Somnom Labyrinth,Mario & Luigi: Dream Team - Dreamy Somnom Labyrinth,Phantasy Star Online 2 - GUERRANT-OFENZA-SUPRONT-UNNE,Mario & Luigi: Dream Team - Dreamy Somnom Labyrinth,Mario & Luigi: Dream Team - Dreamy Somnom Labyrinth,Phantasy Star Online 2 - GUERRANT-OFENZA-SUPRONT-UNNE,Phantasy Star Online 2 - GUERRANT-OFENZA-SUPRONT-UNNE,,Phantasy Star Online 2 - GUERRANT-OFENZA-SUPRONT-UNNE,Phantasy Star Online 2 - GUERRANT-OFENZA-SUPRONT-UNNE,,Mario & Luigi: Dream Team - Dreamy Somnom Labyrinth,Phantasy Star Online 2 - GUERRANT-OFENZA-SUPRONT-UNNE,Phantasy Star Online 2 - GUERRANT-OFENZA-SUPRONT-UNNE,Phantasy Star Online 2 - GUERRANT-OFENZA-SUPRONT-UNNE,,,Mario & Luigi: Dream Team - Dreamy Somnom Labyrinth,,Phantasy Star Online 2 - GUERRANT-OFENZA-SUPRONT-UNNE,Mario & Luigi: Dream Team - Dreamy Somnom Labyrinth,Mario & Luigi: Dream Team - Dreamy Somnom Labyrinth,Phantasy Star Online 2 - GUERRANT-OFENZA-SUPRONT-UNNE,Mario & Luigi: Dream Team - Dreamy Somnom Labyrinth,,Mario & Luigi: Dream Team - Dreamy Somnom Labyrinth,Phantasy Star Online 2 - GUERRANT-OFENZA-SUPRONT-UNNE,Phantasy Star Online 2 - GUERRANT-OFENZA-SUPRONT-UNNE,Mario & Luigi: Dream Team - Dreamy Somnom Labyrinth,Phantasy Star Online 2 - GUERRANT-OFENZA-SUPRONT-UNNE,Mario & Luigi: Dream Team - Dreamy Somnom Labyrinth,Phantasy Star Online 2 - GUERRANT-OFENZA-SUPRONT-UNNE,,Phantasy Star Online 2 - GUERRANT-OFENZA-SUPRONT-UNNE,,,Phantasy Star Online 2 - GUERRANT-OFENZA-SUPRONT-UNNE,Mario & Luigi: Dream Team - Dreamy Somnom Labyrinth,Phantasy Star Online 2 - GUERRANT-OFENZA-SUPRONT-UNNE,Mario & Luigi: Dream Team - Dreamy Somnom Labyrinth,Phantasy Star Online 2 - GUERRANT-OFENZA-SUPRONT-UNNE,Mario & Luigi: Dream Team - Dreamy Somnom Labyrinth,Phantasy Star Online 2 - GUERRANT-OFENZA-SUPRONT-UNNE,,Phantasy Star Online 2 - GUERRANT-OFENZA-SUPRONT-UNNE,,Mario & Luigi: Dream Team - Dreamy Somnom Labyrinth,,Mario & Luigi: Dream Team - Dreamy Somnom Labyrinth,Mario & Luigi: Dream Team - Dreamy Somnom Labyrinth,Phantasy Star Online 2 - GUERRANT-OFENZA-SUPRONT-UNNE,,
21,Tales of the Abyss - Meaning of Birth,Atelier Rorona Plus - Flash Frost,13,42,55,29,Atelier Rorona Plus - Flash Frost,,Tales of the Abyss - Meaning of Birth,Atelier Rorona Plus - Flash Frost,Atelier Rorona Plus - Flash Frost,Atelier Rorona Plus - Flash Frost,Atelier Rorona Plus - Flash Frost,Atelier Rorona Plus - Flash Frost,,Tales of the Abyss - Meaning of Birth,Atelier Rorona Plus - Flash Frost,Atelier Rorona Plus - Flash Frost,,Atelier Rorona Plus - Flash Frost,Atelier Rorona Plus - Flash Frost,Atelier Rorona Plus - Flash Frost,Atelier Rorona Plus - Flash Frost,Atelier Rorona Plus - Flash Frost,Atelier Rorona Plus - Flash Frost,Atelier Rorona Plus - Flash Frost,Atelier Rorona Plus - Flash Frost,Atelier Rorona Plus - Flash Frost,Atelier Rorona Plus - Flash Frost,Atelier Rorona Plus - Flash Frost,Tales of the Abyss - Meaning of Birth,Atelier Rorona Plus - Flash Frost,Atelier Rorona Plus - Flash Frost,,Atelier Rorona Plus - Flash Frost,Atelier Rorona Plus - Flash Frost,,Atelier Rorona Plus - Flash Frost,Tales of the Abyss - Meaning of Birth,Atelier Rorona Plus - Flash Frost,Tales of the Abyss - Meaning of Birth,,,Atelier Rorona Plus - Flash Frost,,Atelier Rorona Plus - Flash Frost,Atelier Rorona Plus - Flash Frost,Atelier Rorona Plus - Flash Frost,Tales of the Abyss - Meaning of Birth,Atelier Rorona Plus - Flash Frost,,Tales of the Abyss - Meaning of Birth,Atelier Rorona Plus - Flash Frost,Atelier Rorona Plus - Flash Frost,Atelier Rorona Plus - Flash Frost,Tales of the Abyss - Meaning of Birth,Atelier Rorona Plus - Flash Frost,Atelier Rorona Plus - Flash Frost,,Atelier Rorona Plus - Flash Frost,,,Tales of the Abyss - Meaning of Birth,Tales of the Abyss - Meaning of Birth,Atelier Rorona Plus - Flash Frost,Tales of the Abyss - Meaning of Birth,Atelier Rorona Plus - Flash Frost,Atelier Rorona Plus - Flash Frost,Atelier Rorona Plus - Flash Frost,,Atelier Rorona Plus - Flash Frost,,Atelier Rorona Plus - Flash Frost,,Atelier Rorona Plus - Flash Frost,Tales of the Abyss - Meaning of Birth,Tales of the Abyss - Meaning of Birth,,
